client_id,subs_deposit
41020,1
23720,1
29378,1
36636,0
38229,1
27202,0
1409,1
24379,0
10036,0
18115,1
9657,1
36570,1
17874,0
8918,1
25792,1
1769,0
36904,0
26580,0
32477,0
31527,0
1164,0
14882,1
41076,0
1025,0
16064,0
36095,0
37275,1
16755,0
29689,1
31756,0
8529,0
26181,0
14920,1
33914,0
32874,1
10282,1
37825,1
20797,0
15080,1
9753,0
37697,1
26038,1
38928,1
32515,1
2544,0
32179,0
39138,1
39967,0
23696,1
20341,0
8363,1
6959,0
22874,1
38440,0
34721,1
2272,0
4030,0
15868,1
37538,1
40243,0
39189,0
6787,0
17460,0
24473,0
21090,0
13544,0
8812,0
37599,0
2569,1
19956,0
27839,1
8260,1
21504,1
6945,0
35600,1
40763,1
2782,0
7412,0
21826,1
40710,1
40092,0
17623,0
9120,0
29073,1
12665,0
14708,0
18823,0
5729,0
25525,0
31736,1
29869,0
7294,1
10309,0
31302,0
15967,1
37861,1
13275,1
33976,0
37032,1
17332,0
4061,0
1155,0
33037,0
32486,1
4284,0
11497,0
26944,0
5778,0
2760,0
15697,0
24249,1
5751,0
16501,0
5224,1
24055,1
34835,0
34552,0
36124,1
37700,1
5648,0
40544,1
18941,0
36192,0
8414,0
16248,0
6369,1
10691,0
17696,0
17842,1
4603,0
8711,0
5997,0
37528,1
28748,1
2694,0
499,0
29899,0
24120,1
19722,0
3762,0
2915,0
20524,1
22200,0
8222,1
25263,0
27570,0
32685,1
29861,0
27045,0
19823,0
12863,1
14943,0
16749,0
32523,1
37302,1
13469,1
16816,1
12080,0
10889,1
35234,0
20363,0
16362,1
23926,1
20962,1
25404,1
24987,0
19732,1
32790,1
12445,0
21528,1
37266,1
13365,1
15817,1
6952,0
32575,1
2686,0
39661,1
13843,0
26661,0
1796,0
27678,0
9054,0
16996,0
1689,1
24128,1
35654,0
19628,1
23935,0
31333,1
19602,0
3843,0
35549,1
2082,0
22190,1
21612,1
10811,0
4817,0
28303,0
10380,1
19776,0
32717,0
15455,0
24722,1
24432,0
23343,0
40090,0
34128,0
8941,0
6367,0
27745,0
15224,0
9408,0
21043,1
35206,0
30669,0
2600,1
4828,1
27957,1
37308,1
2072,0
2622,1
6415,0
28947,0
29158,1
40911,1
9774,0
6897,0
28773,1
1504,0
25323,0
36344,0
28583,1
32587,1
11131,0
39154,0
25540,0
11167,0
13418,1
36091,0
32420,1
6914,0
4142,0
18695,0
21839,0
9195,0
6868,1
39664,0
14721,0
8615,0
40988,1
25273,0
5434,1
24373,0
34659,1
31311,1
192,0
31326,0
33050,0
34742,1
35583,0
18794,0
40902,1
40102,1
39262,0
39155,0
14161,0
31377,0
33957,0
28647,1
36525,0
21294,0
31193,1
16814,0
39745,0
11139,0
36544,0
39011,1
2810,0
26905,0
39351,0
23640,1
40495,1
16431,0
20840,0
33402,0
14459,0
24574,0
15167,0
27395,1
5949,1
33473,0
764,0
19384,0
11515,0
15548,0
1376,1
31255,1
3871,0
7476,1
17249,0
8082,0
6271,0
23763,0
17862,1
15319,1
13125,0
30763,0
33615,0
23367,0
7326,0
38819,0
38738,0
5662,0
9316,0
13750,1
32249,1
4918,0
21196,0
3548,0
26775,1
14713,0
7448,0
37643,1
38233,1
38952,1
24442,0
21034,0
27287,0
24250,0
33520,0
27824,1
26242,0
3783,0
23999,0
32393,1
32620,0
32362,1
6633,0
30039,0
11915,0
28929,0
12703,1
19313,0
31968,0
18603,0
22299,0
9394,0
35619,0
25511,0
8461,1
4746,0
7957,1
22027,1
40314,1
40477,1
38991,1
21315,0
15965,1
24218,0
32406,1
38764,1
29973,1
24028,0
32570,1
5018,1
21849,0
41000,1
22756,1
13718,0
12918,0
39519,0
4023,0
10650,1
26714,1
9639,0
17829,0
22455,0
14364,0
2618,0
33941,1
5571,1
18970,1
39340,0
37601,1
5421,1
35094,0
16663,1
13839,0
32927,1
40921,1
10352,0
18973,1
13763,1
25549,0
39684,0
24401,1
23639,1
2516,1
14719,1
28437,0
20591,1
22466,1
13684,0
9713,0
37297,1
17253,0
28783,0
14262,0
6088,0
39454,1
32882,1
38703,1
38898,1
32460,1
7780,0
13939,1
30347,1
19249,0
37621,1
11247,0
4999,0
38095,0
30258,0
1621,0
8325,1
7639,1
8967,0
20231,1
18214,0
731,0
39522,1
25803,0
32208,0
16174,0
40693,1
30996,0
37505,1
39041,1
17940,0
23508,0
14639,0
19346,1
26623,0
29744,0
11396,0
34858,1
20852,0
39034,1
8376,0
5365,0
2939,0
22551,0
26235,1
24703,1
38150,0
789,0
10193,0
32355,0
34768,0
3895,0
4885,0
32440,1
2638,1
13710,0
4692,0
4543,0
32487,1
4897,1
9084,0
36363,0
26784,0
18817,0
28611,0
40228,0
13771,0
4614,0
330,0
10313,1
25309,0
26029,0
40749,1
29074,0
30509,0
22359,1
21758,1
9897,0
35476,0
21982,1
41131,1
26213,0
21150,0
7713,1
25392,0
40721,1
28639,1
37856,1
15364,0
8106,1
30283,0
24347,0
15954,1
27360,1
33982,1
5436,0
27304,1
12597,0
40924,1
40408,0
40221,0
1050,0
27030,0
39634,1
14012,0
18162,0
10963,0
32514,1
1523,1
18989,1
26734,0
23249,0
20719,0
16282,0
32918,1
38339,0
1915,0
32818,1
31329,1
18113,0
36451,1
4777,0
15752,0
40717,1
32132,0
36505,0
33148,1
24686,1
38506,1
15333,0
14320,1
33051,1
3964,0
13864,0
35937,0
39213,0
28560,0
12811,0
23879,0
3635,0
14939,0
493,0
16970,0
38851,1
10903,1
9261,0
24423,0
17117,0
21186,0
7128,0
10932,0
27785,0
4421,0
37019,0
24898,0
23340,0
17813,0
11548,0
31376,0
37223,1
33752,0
19445,1
35820,0
25843,0
9708,0
34688,1
33865,1
37710,1
26995,1
40154,1
33723,0
38489,0
38974,0
34856,0
15686,0
38968,1
24696,1
3513,0
29067,1
3107,1
2962,0
38369,0
29725,0
23641,1
17209,1
25199,1
13417,1
37287,1
2522,0
39024,1
13745,1
29056,1
23293,0
40819,1
30833,0
3005,0
18215,0
20236,0
19040,1
21994,0
13122,1
40143,0
16977,0
22207,0
15149,0
22721,0
38835,0
21559,1
30171,0
15570,0
37715,1
21302,0
22635,1
2678,0
10911,0
31511,0
38249,0
32845,1
17501,0
13921,0
13189,0
26511,0
16948,1
21631,0
20662,1
35811,0
15927,1
22784,0
18995,0
26128,0
39893,1
8587,0
24935,1
27118,0
15842,1
5260,0
5153,1
7133,0
6604,0
38808,0
37992,0
15715,1
2648,0
21338,1
5360,0
36657,0
25378,1
16627,0
40577,0
37493,1
40652,1
16698,1
40283,0
10324,0
37332,0
28747,1
15234,1
13643,1
21002,1
22437,0
14946,0
25260,0
7859,0
20278,0
34669,1
10877,1
23633,1
18393,0
21022,0
36342,0
30749,1
2546,0
12246,1
22160,0
29867,1
19054,0
39009,1
33355,0
35644,0
15293,0
6978,0
38735,0
30186,1
3779,0
10063,0
34013,0
36977,0
38550,0
1923,0
18144,0
27849,1
24694,0
32425,1
28306,0
13252,1
29979,1
5193,0
28336,0
2298,1
11725,0
34672,1
1868,0
9530,1
27823,0
35231,0
25945,0
25175,1
31186,1
19329,0
19655,0
5375,1
13551,1
8006,0
15801,1
40201,0
31707,1
5444,1
33152,1
35002,0
32774,1
10742,1
4442,1
1498,0
33071,1
21973,1
37772,1
10747,0
946,0
39901,0
7614,0
436,0
26818,0
3541,0
24002,0
27709,0
31718,0
40675,1
6582,0
18482,0
40716,1
38556,0
25566,1
3802,0
14425,0
36335,0
37151,0
7819,0
38730,1
36452,1
19086,1
36128,0
36025,1
16728,1
23356,1
3927,0
18137,0
17110,0
18980,1
12415,0
30316,0
10364,0
30718,1
33096,1
1541,1
15732,1
37369,1
28275,0
10250,0
19467,0
11951,0
3272,0
18376,0
12800,1
26214,1
4631,0
28240,0
17989,0
33987,0
39369,0
9634,1
8746,0
19046,1
19145,1
36746,1
13640,0
9604,0
7200,1
16695,0
16836,1
27384,1
19702,0
30033,0
26254,0
29561,0
38909,0
32732,0
27246,0
28563,0
37242,1
6352,1
5059,0
40571,1
36448,1
38786,1
26933,0
38687,1
34132,1
32428,0
33006,1
18716,0
13347,0
37194,1
5513,0
27837,0
1491,0
39993,0
6805,0
21923,0
4680,0
13394,0
13220,0
20554,1
31378,0
19591,1
29650,0
37466,1
30585,0
12829,1
7632,0
28809,0
18638,0
16253,1
31385,1
29949,1
34792,0
17372,1
7954,0
23081,0
6958,1
34218,0
14979,1
39651,0
3309,0
19198,0
39865,1
20431,0
37750,1
34853,0
38187,1
37585,0
29992,1
37683,1
20498,1
24178,1
10599,0
14877,1
14804,1
967,0
10964,1
31299,0
37757,1
32921,1
13741,1
12256,0
38237,1
37964,0
23992,0
27245,0
40030,0
15445,0
35493,0
40663,1
25851,0
34617,0
15949,0
40725,0
25763,0
8096,0
23646,1
8994,1
31782,0
7759,0
35716,0
3775,0
40805,1
6696,1
32448,1
22485,0
24964,0
24081,0
19733,0
20561,1
37819,1
3079,0
39491,1
9171,1
7863,1
27587,0
11735,1
8265,1
27866,1
27326,0
30175,0
31597,0
24809,0
32961,1
20362,0
28953,0
29681,0
33855,0
30234,0
34834,0
23520,0
23281,0
68,0
21456,0
37887,0
16957,1
23038,0
40643,1
38285,1
9493,0
39440,0
21586,1
21939,0
13406,0
40937,1
19492,0
6859,0
25057,0
12650,1
15270,0
29439,0
36357,0
32313,1
23605,0
39226,1
35594,1
38194,0
7008,0
26636,1
27735,0
40888,1
12188,0
32228,1
7275,1
40917,1
636,0
20847,0
19330,0
10727,0
40462,1
5393,1
15187,0
14249,0
32508,1
21199,1
3467,0
2413,1
13898,0
1721,0
33958,0
33075,1
35958,1
11341,1
38530,0
671,0
29856,1
38243,1
38399,1
17674,1
38373,0
10847,1
38757,1
5165,0
10646,1
23692,1
16929,1
7688,0
32407,1
25606,0
39682,1
32954,1
38638,0
37219,1
16745,0
35745,1
4426,0
20881,0
10289,0
32458,0
15424,0
32127,0
15924,1
13656,1
1727,0
23717,0
14621,0
38407,1
29991,1
3859,0
19097,0
17004,0
2771,0
28344,1
6007,0
19028,0
9465,0
30108,0
17190,1
3664,0
39645,1
27342,1
735,0
9018,0
7481,0
29588,0
4017,0
18888,0
22150,0
14862,1
20642,0
24656,1
17383,0
25400,0
12443,0
37582,1
32865,1
16075,0
38712,1
38678,1
38853,1
21254,0
41185,1
15040,0
9237,0
22704,1
10299,1
8848,1
40505,1
21930,1
14470,0
23608,1
6731,0
33872,1
20036,1
8366,1
11426,0
20170,0
10323,0
33154,1
14545,0
6242,1
23048,1
34662,0
21556,1
21291,0
20164,1
36558,0
27263,1
24452,0
32006,0
29332,0
30977,0
9337,0
1237,0
28827,0
22625,0
35413,0
6941,0
36366,0
37721,1
8673,0
26351,1
23334,0
8938,1
13141,1
3450,0
16117,1
6461,0
4541,0
2297,1
36877,0
39239,0
26218,1
36023,1
20543,1
36303,0
22034,1
34948,0
26441,0
11043,0
15081,0
14541,0
7434,1
27351,0
34950,0
14492,1
30389,0
13380,0
28580,1
16204,0
4380,0
37225,1
16584,0
13426,0
2095,1
22657,0
13546,0
24721,1
27534,0
17,0
1455,0
11575,0
23535,0
1083,0
12206,1
22603,1
26313,0
23189,0
38746,1
8334,1
29292,0
14127,0
36767,0
31241,1
37738,1
36670,1
31321,1
7530,0
31878,0
11933,0
34931,0
12381,0
20359,0
22479,1
34786,0
10900,1
22010,1
20513,1
718,0
12745,0
14234,0
1041,0
24026,0
38140,1
36846,0
29865,1
17646,0
16796,0
23573,1
6857,0
16565,0
25714,0
18055,1
31716,1
11703,0
18283,0
12600,0
23703,1
24804,0
30014,1
4577,0
8201,0
18822,0
35569,1
25830,0
18325,0
10982,0
19987,1
19148,0
4452,1
1354,0
15638,0
6347,0
1765,1
40084,0
27353,1
40537,1
28683,1
27498,0
14978,1
7074,0
9097,0
40642,1
5883,1
6816,0
12177,0
27925,1
28559,1
3078,0
14075,0
14720,1
2141,0
27499,1
34825,0
14443,0
23684,1
1297,0
9733,0
37958,1
39003,1
36460,1
10470,0
4218,0
9714,0
35193,0
19409,0
16756,0
34901,0
29569,0
1129,0
11903,0
41055,1
4727,0
40570,1
17010,0
29912,1
40122,1
19502,0
14322,0
16240,0
32682,1
40635,1
13358,0
13148,0
13143,0
9305,1
25193,0
33165,1
37011,0
5557,0
6748,0
34698,0
40935,1
32604,1
40345,1
15990,0
34654,1
9235,0
4619,0
39005,1
31270,1
29360,1
19773,0
27038,0
12295,1
30857,0
38326,0
22060,1
38170,1
37881,1
32442,1
24185,1
22653,0
8688,0
28898,0
17235,1
15808,0
11057,1
38660,0
25684,0
11713,0
22362,0
2545,1
26731,1
30942,0
20116,1
10801,0
8214,1
37313,1
17138,1
15330,0
37404,1
25584,0
2872,0
17256,0
9957,0
36463,1
8137,1
11833,0
38727,1
7289,0
22898,0
31041,0
23613,1
31360,1
3938,0
5647,0
40512,0
9976,1
23685,0
8753,0
6492,0
7783,1
8206,0
14794,0
15936,1
22949,1
14787,0
40784,0
4226,1
88,1
27066,0
8221,0
14663,1
22616,0
32447,1
20321,0
39707,1
8530,0
7748,1
23541,0
37877,1
37655,1
39650,1
7645,0
22976,0
30828,0
8576,1
28822,0
11337,1
26231,1
25452,0
5236,0
31330,1
20258,0
37350,1
32304,0
12549,0
9937,0
24356,1
12287,1
37168,0
19358,0
13378,1
25272,0
6961,0
8785,0
21095,1
3846,0
24734,1
39211,1
37765,1
32766,1
8267,0
34602,0
14772,1
26793,0
19396,1
27528,1
11650,1
31119,0
28637,1
37690,1
31122,0
39192,1
33429,0
39697,0
5162,0
32906,1
8337,1
20904,0
1073,1
18553,0
37189,1
24619,0
346,0
15938,0
36627,0
26154,0
7778,1
20987,0
37961,1
25967,0
23701,1
39042,1
28962,1
35856,0
38702,1
38264,1
35956,0
702,0
7031,0
36071,0
32372,1
24606,1
2070,1
3245,0
36278,0
18613,0
33641,0
38948,0
20803,0
34541,0
7789,0
24754,1
25811,0
12540,1
22899,0
23957,1
17865,1
36524,0
5720,0
14227,0
33551,0
2326,0
20228,1
17765,1
10430,0
28617,0
18498,1
22196,0
12632,0
27610,1
10154,1
1098,1
29177,1
38567,0
31535,0
13325,0
34437,0
8351,1
37787,1
30861,0
32794,1
32135,0
15239,1
27158,1
26898,0
30808,0
8624,1
23741,0
9297,0
13872,0
29889,1
26584,1
39364,0
37406,1
26066,0
27319,1
13812,0
17716,0
40155,1
26431,0
21422,0
27712,1
1244,1
36300,0
24153,1
33238,0
3827,0
23106,0
31916,0
29888,1
24724,1
33062,1
36319,1
4719,1
12328,0
39176,0
20914,0
26845,0
39517,0
6640,0
40946,1
24418,0
14977,1
19074,1
6037,0
12471,0
22366,0
20180,0
36057,1
3059,0
32565,0
35753,1
33521,0
10527,1
39878,0
20658,0
31272,0
2308,1
3426,1
25823,0
14849,1
32323,0
1113,0
37202,1
2025,0
32699,1
34220,0
32463,1
25539,0
2585,1
17857,1
6490,0
3125,0
15928,0
1096,1
27388,1
5194,0
20213,0
33787,1
24680,0
26371,0
5189,0
34785,1
9037,0
39066,0
21594,0
16558,0
23721,1
23903,0
16491,0
32147,0
9055,0
40222,0
18561,0
13422,1
7818,0
30639,1
30551,1
2428,0
5586,0
4854,1
21974,1
2740,0
16886,1
31452,1
37758,1
35739,0
12839,0
17109,0
38409,0
35290,0
6286,0
13203,1
26225,1
24985,0
36349,0
31338,1
34076,0
34838,0
21700,0
21151,1
4260,0
16924,1
2775,0
40684,1
15451,0
3412,0
11056,0
29955,1
39030,1
38432,1
37595,1
34606,0
40644,1
29998,1
9961,1
6254,0
23612,1
31723,0
27375,1
6649,0
37679,1
38866,1
27967,0
12886,0
14217,1
31178,1
33108,1
26361,0
15809,1
14484,1
8300,1
12092,0
18940,0
34980,0
3754,1
35575,1
10634,0
32678,1
39853,0
21485,0
18642,0
12644,0
17591,1
29968,1
22409,0
31155,0
5785,0
36813,0
27533,1
38355,0
9979,0
15970,1
37915,1
37824,1
11626,0
36010,1
2509,0
39608,0
36837,0
37780,0
1843,0
19718,0
19869,1
10954,0
39174,0
18206,0
16536,0
1783,0
13654,0
28664,1
2251,0
33092,1
32237,1
5074,1
15523,0
25004,0
4303,0
17353,0
19055,0
10013,0
6879,0
14194,1
23115,0
20929,0
32318,1
5930,1
15131,0
678,0
9787,0
34181,0
31564,1
11420,0
23683,1
27968,0
21968,1
33904,1
39598,0
28763,1
2881,0
24712,1
16670,0
1379,1
6218,0
12150,0
31921,0
33334,0
4820,0
39701,1
12438,0
19757,0
27361,1
19365,0
21995,1
29851,0
11211,0
25533,0
36120,0
1108,0
36952,0
8352,1
37531,1
30419,0
5477,0
17907,0
33384,0
34635,1
10201,1
11493,1
23373,1
37677,1
37897,1
7755,0
21889,0
4905,1
40177,0
18772,0
33453,0
774,0
18431,0
23248,0
24819,0
31585,0
1719,0
10661,0
14019,0
19473,0
2963,1
28324,0
11315,0
15111,0
22007,1
14068,1
32531,0
19385,1
1617,0
30185,1
27392,0
7662,0
38880,1
30005,1
38906,1
9089,0
37288,0
7577,0
31484,0
522,0
14764,0
30680,1
1513,0
35378,1
31251,0
18533,1
33726,0
17250,0
31520,0
22064,0
15142,0
26702,1
3469,0
1891,0
28596,1
32494,1
40475,1
37309,1
37123,0
37020,0
27825,1
17058,1
31872,0
38063,0
30796,0
5408,0
39606,1
18098,1
26303,0
115,0
5199,0
13435,0
33834,1
40594,1
12574,0
12365,0
10066,1
32856,1
5781,0
4044,0
23160,1
25146,0
31780,0
40634,1
40789,1
22961,0
10881,1
33870,1
11570,1
5313,0
35050,0
32775,0
28849,0
7890,0
31655,0
28420,0
26261,0
31526,1
17252,0
14193,0
14460,0
10821,0
23636,1
19429,0
31636,0
10890,1
25634,1
4495,0
1645,0
26212,1
22419,0
36279,0
3024,0
12035,1
35225,0
33028,0
24978,0
8842,0
38792,1
38263,1
27694,0
28722,1
29945,1
16646,0
13390,1
30260,0
31917,0
36280,0
27405,1
10578,0
40933,1
19199,1
18229,0
22143,0
22251,0
39623,0
22159,0
21312,0
24225,1
5441,1
28338,0
33683,0
32452,1
24208,0
26649,0
7524,0
37670,1
8539,0
22261,0
20418,0
12345,0
12844,0
32837,1
40864,0
16905,0
3067,0
9145,0
14107,0
29436,0
34441,0
32873,1
35176,0
4012,0
12376,0
12866,0
3040,0
24162,1
4994,1
23301,1
8450,0
34690,1
29531,0
7025,1
16887,1
33856,1
29491,1
33021,1
22228,0
31586,1
38986,1
16163,0
35203,0
24605,1
27394,1
32600,1
27425,0
37087,0
3732,0
32751,0
742,0
41093,1
23151,0
38356,0
11740,0
39293,1
31354,1
27413,1
28202,0
6273,0
40557,0
9916,0
36509,0
27992,0
9121,0
40554,1
41077,1
11303,0
3777,0
37745,1
22259,0
29457,1
7944,1
31366,1
14912,0
23689,1
6262,0
34762,0
32698,1
33311,0
26342,0
24753,0
15267,0
32485,0
27373,1
101,0
32173,0
25957,1
7250,0
22833,0
33423,1
3551,0
25915,1
20127,0
40497,0
10875,1
40494,1
37942,1
1127,0
38272,1
25224,0
31173,0
31262,0
39082,0
6727,0
39044,1
38852,1
2988,0
6804,0
39204,0
38295,0
3058,0
40828,1
15128,0
15807,1
37635,1
7201,1
20584,1
36206,0
23024,0
30402,0
25537,0
9003,0
34874,1
5652,0
413,1
14873,1
40747,1
15785,1
38754,1
5394,1
36697,0
20813,0
31060,0
25370,0
38753,1
30739,0
1010,1
14627,0
33657,1
27459,0
35570,1
36414,0
35062,1
8318,1
3477,0
18008,1
38745,1
27923,1
14170,0
19414,0
37328,1
1151,0
35295,0
12970,0
9463,1
8729,1
30027,0
16834,1
22570,0
1585,0
7024,0
1371,0
26145,1
14341,0
23148,0
33509,0
19076,1
13179,0
38132,0
37577,1
22393,1
34644,1
16003,0
27474,0
33526,0
34767,0
20084,0
38586,0
32806,1
5468,1
1175,0
15030,0
23851,0
25202,0
20626,0
41181,0
31194,1
33965,0
26777,0
6030,0
25474,0
10453,0
24865,0
32335,1
28968,1
33749,1
7479,1
21352,1
27978,0
25526,0
10397,1
38179,1
16963,1
31253,1
22650,0
22778,1
12664,0
13628,0
14242,1
13841,1
8404,0
38514,0
27770,1
1699,1
35008,0
32771,1
32017,0
40724,1
17844,1
8532,0
4749,0
37206,1
35863,0
27913,1
36650,0
21455,0
8723,0
30097,0
40793,1
40753,1
15803,0
4925,0
38784,1
10902,0
24752,1
23563,1
13503,0
31566,0
30136,0
40882,1
8588,0
34727,1
29455,0
41068,1
24968,0
38218,0
8112,1
16953,0
11671,0
4165,0
36709,0
35541,1
40602,1
37706,1
40484,1
29897,1
38134,1
7844,0
33131,1
25989,0
23893,0
38972,1
9491,0
30201,0
36595,1
32835,1
8456,0
10686,0
10381,1
36466,1
5773,1
17397,0
14230,0
36879,0
1506,0
34231,0
9872,1
34054,0
14931,1
17461,0
24228,0
37933,1
33799,0
954,0
14840,1
25789,0
30048,0
3485,0
11291,0
6005,0
39841,1
39850,0
28812,1
38919,1
9004,0
26249,1
6774,0
22810,0
38829,1
5961,1
27710,0
20497,1
7150,0
35312,1
15875,1
38069,1
23197,0
14582,0
9985,0
37623,1
24972,1
39972,0
6326,1
30696,0
37627,1
26830,0
21478,0
37363,1
7684,1
22048,1
32982,1
18074,1
4642,0
17910,1
25218,0
32271,0
39053,1
23690,1
1392,1
19430,1
32534,1
19794,1
2239,0
11536,1
32808,1
36239,0
40829,1
34092,1
26786,0
32588,1
34737,0
1246,0
32805,1
28546,0
35132,0
40638,0
1255,0
5046,0
15041,0
35481,0
2605,1
40954,1
32352,1
3887,0
35447,0
15521,0
6946,0
33068,0
32706,1
27471,1
17368,0
18500,0
10368,1
28288,0
24689,1
16847,1
26430,0
27208,0
19029,1
27521,0
3958,0
5058,1
26503,0
11370,1
33789,0
20741,0
22705,0
38710,1
27670,0
34201,0
8415,0
40575,0
24206,0
29285,0
6778,0
17871,1
18549,0
39727,0
8111,1
26536,0
6705,0
26246,0
32334,0
1547,0
21785,1
39031,1
37799,0
17433,0
7188,0
18084,0
3743,0
3764,0
18501,1
39304,1
5447,1
10609,1
5443,1
1878,1
29932,1
1912,0
39444,1
7551,0
38517,1
37969,1
36576,0
24595,1
39618,0
37673,1
8259,1
34449,0
21325,0
38728,1
34134,1
13007,1
37374,1
40915,1
27213,0
39018,1
34859,1
39408,1
34522,0
10116,0
5191,1
16794,1
40168,0
17272,0
24662,0
28002,0
11758,1
30395,1
4394,0
28729,1
40508,1
28673,1
37960,1
32784,1
29731,0
5415,1
4595,1
20136,0
39617,0
25011,0
9240,0
18623,0
30596,0
39997,0
38257,1
33418,0
1916,1
39622,0
892,1
17365,0
23946,0
37660,1
22912,0
29900,1
35853,0
14806,1
36799,1
15597,0
20732,0
16049,0
36624,0
32539,1
36411,0
20891,0
26191,1
20091,1
25732,1
30556,0
3354,0
26566,0
38109,0
360,0
11395,0
12079,0
41028,1
36439,1
30617,0
26260,1
15606,1
10440,0
19402,0
14768,1
29944,1
1471,1
39334,0
21162,0
34010,0
20725,0
10990,0
18661,0
10894,1
34895,0
28484,1
16856,1
23282,0
15904,1
28494,0
31519,0
4721,1
32584,1
15895,0
5020,0
19877,0
14071,0
10092,1
16483,0
34156,0
39520,1
22503,0
16059,0
15289,0
17921,1
27374,0
865,0
39035,1
14036,0
26195,1
21897,1
33255,1
18902,1
37598,1
28988,0
5221,0
23638,1
871,0
23766,1
17772,0
7191,0
7764,1
27674,1
27467,1
8357,1
2248,0
28102,1
40718,1
41001,1
23637,1
17096,0
38329,0
41103,1
4241,0
23494,0
2616,0
37876,1
33940,0
34459,0
13271,1
5542,0
33119,0
19567,0
2759,0
1610,0
10363,0
1143,0
36373,1
28752,1
11085,0
20578,0
9619,0
39021,1
1537,1
32597,1
33305,0
40901,1
2539,0
8684,0
38531,0
27085,1
31644,0
21607,0
24834,1
25294,0
34147,0
18029,0
33753,0
36980,0
6387,0
33781,0
21225,0
1555,0
23704,1
4159,0
25592,0
6680,0
27296,1
27265,0
35291,1
2565,1
39230,0
24984,0
29820,0
33873,0
13766,0
17363,0
14987,1
37626,0
7223,0
36514,0
29729,0
12592,0
27665,1
14788,1
11731,0
12001,0
30552,0
22612,0
29214,1
1294,0
14983,1
40745,1
36557,1
2244,0
16857,0
3909,0
37916,1
18897,1
32724,1
5271,0
28843,1
12757,0
3029,0
21116,0
37959,1
21524,0
23432,0
28296,0
1514,1
12649,0
39724,1
13811,0
15602,0
10164,0
28622,1
41045,0
36938,0
5682,0
13724,1
32044,0
33632,0
6892,1
5479,0
16881,1
9392,0
40591,0
18994,1
11683,1
27445,1
38318,0
17328,0
10825,1
13175,0
29465,0
37865,0
20265,1
2286,0
26732,0
38946,1
34778,1
34736,1
4280,0
39015,1
12439,0
34289,0
38799,1
12826,0
9882,0
2482,0
15795,1
27127,0
32501,1
2058,0
3963,0
17391,0
32712,1
32683,1
38400,0
38883,1
23739,0
30453,0
27160,0
31945,0
22243,0
30593,0
34726,0
9880,0
7482,0
24099,0
32973,0
36486,1
2434,1
15003,1
32312,1
38394,1
1413,1
14302,0
38046,0
1186,0
12770,1
17995,0
6990,0
5417,1
37827,1
35463,0
24448,0
33089,1
10200,0
15487,0
35196,0
37394,1
17431,0
26611,0
33597,0
39381,0
14714,0
18135,1
29266,0
6467,0
3571,0
29716,1
15320,0
139,1
40559,1
32959,1
6871,0
28675,1
15375,0
5240,1
33629,0
13971,0
29117,0
32578,1
37830,1
32880,1
28020,1
29218,1
29839,1
33064,1
12533,0
35543,1
41186,1
5537,0
29908,0
26302,0
14612,0
37789,1
30029,0
40185,0
28835,1
29983,1
32781,0
18756,1
29143,0
27868,1
5865,0
32725,1
33864,1
12991,0
7956,0
38722,1
26963,0
22445,0
30577,0
16409,0
8340,1
40971,1
32327,1
24892,0
36160,0
16411,0
4650,0
26005,1
24932,1
39139,0
29306,0
18797,0
1483,0
40703,0
24339,1
4939,0
37744,1
24816,0
11998,1
14578,0
40633,1
24440,1
1286,0
16831,1
10719,1
25517,0
17298,0
10403,1
11120,0
32997,1
23686,1
22914,0
25657,0
30898,0
34505,1
29040,0
40612,1
24231,1
20812,1
14005,0
31356,1
24508,0
40700,1
35547,1
8282,1
5316,1
34670,0
24364,1
16966,1
18477,0
3855,1
32104,0
4435,1
21164,1
27154,0
26727,0
27551,0
5035,1
1752,1
12125,0
27898,0
13284,1
479,0
22819,1
27600,0
37245,1
22628,0
28759,1
33035,1
22012,1
35763,0
14936,0
30495,1
19697,1
31340,1
37106,0
1527,1
29654,1
26921,0
20264,0
35618,0
34887,0
18632,0
7417,0
30435,0
6412,0
36462,1
17520,0
33204,0
18197,1
12720,1
254,0
18569,0
39352,0
40579,1
40558,0
19045,1
40920,1
14177,0
34040,0
7539,0
37213,0
24836,0
36823,0
30884,0
13962,0
8170,0
2284,0
21724,0
31221,0
41163,1
17847,1
16302,1
41148,1
34653,1
18048,0
38370,0
37947,1
30882,0
37333,1
8004,0
37101,0
23472,0
6314,0
35595,1
19079,0
23515,0
3617,0
5491,0
1180,0
6592,0
10604,0
12613,0
36021,0
24720,1
8514,0
16014,1
14706,0
20624,0
15469,0
34634,1
22375,0
31560,0
23722,1
25049,0
39926,0
1840,1
25642,0
23460,0
31268,1
21330,0
1417,1
9902,0
14411,1
29062,0
12296,0
19037,0
18588,0
17812,1
33246,0
10829,1
13209,0
22134,0
12633,0
5022,0
37558,1
2016,0
37256,1
22461,0
14900,1
35656,0
12945,0
12212,0
29566,0
16731,0
14252,0
38277,1
22323,0
31781,1
390,0
31418,0
23260,0
3074,0
7793,1
15246,1
21730,0
36204,0
40587,1
40616,1
36092,1
38274,1
27386,1
15758,1
19425,1
41167,1
10861,1
32780,0
28064,0
20570,1
31189,0
4468,1
32864,1
40668,1
37383,1
33817,1
27489,1
12436,0
2227,0
32422,1
29359,0
23624,0
37262,0
20552,0
32911,1
30849,0
36156,0
5734,0
27358,0
10452,1
33110,1
31042,0
31674,1
8601,0
2649,0
36510,0
30856,0
2184,0
24817,0
2547,0
18536,0
20223,0
19185,0
17657,0
29982,1
40720,0
29567,1
13877,0
32796,1
27063,1
12114,0
30962,0
4248,0
13396,0
38240,1
11405,0
40198,0
7800,0
40527,1
27058,0
36531,0
32726,1
17123,0
13677,1
41074,1
17101,0
37506,1
18541,1
37433,1
37150,0
38224,0
1300,0
6801,0
26558,0
35567,1
815,0
7450,0
36189,0
12641,0
10862,1
17914,1
24088,0
19712,0
26617,1
38335,0
487,0
23339,1
12322,0
33822,1
2929,0
9172,0
21745,1
36158,0
34641,1
35738,0
29920,0
5450,1
37965,1
33633,0
30630,0
38035,0
37339,1
32648,0
38572,1
17858,0
23731,1
35592,1
23571,0
25471,0
17330,1
16920,1
32571,1
2921,0
27378,1
33555,0
8288,1
26829,1
20789,0
38725,0
1737,0
40826,1
26442,1
17120,0
17982,0
4700,1
16559,0
25289,0
31704,1
431,0
7961,0
28339,1
27460,1
33133,1
21981,1
38317,1
32738,1
12213,1
33166,0
8402,0
28128,0
14235,0
23276,0
8794,0
17032,0
26050,0
37222,1
19627,0
27193,0
27588,0
6054,0
14469,0
6327,0
25168,0
27348,1
34879,0
39919,1
41133,1
38183,1
37561,1
4733,0
32782,0
15747,1
30448,0
16763,1
7715,0
36949,0
24124,0
12422,1
2118,0
20663,0
2671,1
31327,1
25567,0
37516,1
14796,1
30280,1
25841,0
10224,0
35604,0
26521,0
24751,1
15763,1
11029,0
14319,0
35223,1
23921,0
20003,1
13847,0
37761,1
24040,0
12634,0
4073,0
7993,0
7069,0
40174,1
11886,0
13721,0
21734,0
12325,0
22255,0
21909,0
12222,0
31649,0
11578,0
9549,0
33340,0
38807,1
19062,0
37908,1
14643,0
34888,1
35441,1
11274,0
39512,1
16453,0
14924,1
31657,0
38001,1
15719,1
30111,0
10864,1
28731,1
10577,0
14025,0
16877,1
1520,0
7552,0
30462,0
24646,0
33103,1
26251,0
29850,0
38772,1
37711,1
30563,0
26422,0
38349,1
19000,1
38060,1
18571,0
5840,0
13987,0
38121,1
32437,0
6233,1
38713,0
21270,0
9269,1
4143,0
32727,1
4496,1
33060,1
20503,1
17663,1
5227,0
8782,0
39915,0
13723,1
880,1
20731,0
14951,1
6235,0
16569,0
36503,1
38895,1
5795,0
15096,0
9706,0
19928,0
14777,1
40686,1
22038,1
32190,0
37510,0
35184,1
2794,0
27884,0
22906,0
22287,0
1938,0
4274,0
18618,0
13612,1
22163,1
24189,0
7099,0
5413,0
10151,1
11970,0
13328,1
18000,0
1438,1
19017,0
37549,0
24287,0
36336,0
33067,1
36502,1
1518,0
21673,1
3731,0
20539,1
9317,0
33086,1
11620,0
7214,1
28592,0
8219,1
37602,1
22539,0
7792,0
18062,1
15093,0
21934,0
30539,0
25261,0
24260,1
16611,0
14903,1
38260,1
28465,0
41070,1
37666,0
13663,0
7886,0
29157,1
17450,0
17060,0
17946,0
19612,0
8828,0
34658,1
37593,1
31339,1
36798,1
23988,0
40741,1
31071,0
32669,0
20008,0
37884,1
29370,0
4579,0
3914,0
25489,0
17492,0
37737,1
37378,1
40925,1
28937,0
2895,0
36504,1
9823,0
37848,1
20565,1
39640,1
19882,0
19671,0
15810,1
18724,0
34833,0
40728,1
40812,1
37474,1
6132,0
27139,1
10938,0
16028,1
18294,0
40969,1
9108,0
35545,0
40271,0
30730,0
15723,1
16599,0
30408,1
3311,0
14344,0
39008,1
15653,0
23712,1
33200,0
4546,1
13767,1
40885,1
17542,1
30284,1
6723,0
24911,0
14589,0
32319,1
23724,1
15987,1
29471,0
35537,1
246,0
4540,0
14608,0
5116,0
34165,0
35404,0
13744,1
33967,0
17312,0
984,0
40989,1
41031,1
3583,0
38802,1
14701,1
36030,1
35938,0
30685,0
28261,0
24792,1
3694,0
35283,1
29987,1
8501,0
21348,0
28629,1
5187,1
12646,1
24511,0
12357,0
28755,1
26954,0
907,0
5369,1
32993,1
32382,1
7765,1
1296,0
16945,1
17804,0
19533,0
6483,1
27259,0
18033,0
17184,0
14136,1
28383,0
14263,0
8284,0
1625,0
6831,0
34597,0
35115,0
38983,1
2542,0
35789,0
6137,0
19217,0
35899,0
36223,0
24365,0
38333,1
21134,0
13495,1
10668,1
31521,0
9138,0
36592,1
29316,0
25435,0
3786,0
25692,0
27002,0
39717,0
21910,0
38393,1
31939,0
4463,0
38386,0
36940,1
34693,1
29204,0
1487,0
22042,1
36983,0
39535,0
33642,0
26126,0
1323,1
22825,0
4019,0
23663,1
26622,0
4850,1
14894,1
22818,0
24740,1
23707,1
6732,0
20844,0
37303,1
38998,0
12688,0
9199,0
21168,1
32834,0
22029,0
37726,0
31304,1
37290,1
37248,1
40843,1
2997,0
736,0
10588,0
27165,0
31476,0
26577,1
13615,1
9864,0
37851,0
7566,0
4059,0
12763,0
3101,0
1656,0
33506,0
11545,0
37284,0
13606,1
19035,0
29104,0
24627,1
30697,0
39875,0
21800,0
7158,0
16287,0
32569,1
9341,0
39323,1
38148,0
41118,1
26237,1
22057,1
2591,1
22824,0
38726,1
37921,0
13799,1
34643,1
25800,0
17923,1
40356,1
10929,0
20248,0
36036,0
25216,0
24481,0
33719,0
13890,0
1601,0
13900,0
6258,0
10371,0
40444,0
40137,0
37588,1
33803,1
26925,0
17890,1
14926,1
15727,1
33829,0
39372,1
4858,0
13683,0
40695,1
20514,1
20093,0
16656,0
17345,1
37695,1
31177,0
23706,1
37527,1
29486,0
7535,0
9954,0
37648,0
9573,0
22647,0
6304,1
5754,0
8796,1
16547,1
38987,1
22156,0
22803,1
33998,0
21175,0
40701,1
3294,0
27247,0
2330,0
32996,1
22552,0
14795,0
32935,0
18934,0
14927,1
32388,1
16459,1
16383,0
30459,1
32823,1
24550,1
20720,1
24519,0
38908,1
6505,0
565,0
38459,0
25409,0
31294,1
31314,0
15983,1
14976,0
37560,1
38242,1
9700,0
37718,1
17668,0
36362,1
35045,1
29505,1
31959,0
11561,0
7293,0
41069,1
13620,0
26061,0
24861,0
26550,0
15582,0
16748,0
37786,1
7700,0
23885,0
36382,1
32519,0
32231,0
36887,0
8388,0
31142,1
34612,1
36614,1
29789,0
2306,0
38171,0
25063,0
16540,0
25558,0
19601,0
38708,1
23970,0
38104,0
18469,0
19240,1
32810,1
26705,0
8825,1
16923,0
33918,1
39596,0
30873,0
23526,0
19704,0
14674,0
13519,0
15287,0
13153,1
3506,0
13730,1
34725,1
36888,0
21108,1
29215,0
19676,0
25100,0
29881,0
21773,0
24010,0
6215,0
40148,0
5609,0
10833,1
2340,0
31442,1
18611,0
2180,0
29462,0
10234,0
34920,0
33988,0
29909,1
13211,1
15522,0
22032,1
37692,1
29584,0
8310,0
2793,0
19007,0
5402,0
13282,0
14388,0
40567,1
38057,0
17960,1
25735,0
21605,1
39708,0
15631,0
37594,1
10544,0
28727,1
38024,1
28636,1
4378,0
5690,0
22696,1
18637,0
15446,1
40863,0
22752,0
19453,0
29489,0
34211,0
21596,1
29433,0
6619,0
13787,0
30965,0
2634,1
24927,0
2682,0
32392,1
35905,0
37981,0
38200,1
24353,0
1944,0
576,0
33630,0
11616,0
9357,0
30140,0
21844,0
19042,1
38519,0
37475,0
32418,1
29168,1
27604,1
15076,0
36730,1
18133,0
37801,1
22246,0
40981,1
24402,0
32172,0
13696,1
1421,0
16060,0
37632,1
40306,0
17531,0
7235,0
27599,0
29835,1
22807,0
31297,1
34746,0
9936,0
32989,1
28734,1
40318,1
14141,0
6590,0
28582,1
28768,1
30093,1
27768,0
22374,0
4229,0
3135,0
30784,0
36464,1
8034,0
39525,0
29986,1
15316,0
10874,1
16101,0
2056,0
28248,0
33066,1
23042,1
17382,0
31724,0
38839,1
26671,0
16461,0
28668,1
36100,0
13073,1
33908,0
36218,0
20389,0
2120,0
16621,1
26210,0
3177,0
37323,1
12822,1
17710,0
28725,1
26754,1
2147,0
6789,0
40560,1
10773,0
16919,1
27065,0
32700,1
4048,0
3000,0
20979,0
22709,0
31307,1
41034,1
35048,1
1575,0
32430,1
13433,0
18631,0
27681,0
26256,1
7902,1
9912,0
19031,1
238,0
32409,1
27931,0
19810,1
36762,0
19043,0
15731,1
26155,0
34334,0
24050,0
8810,0
16949,1
23986,0
26737,0
35173,0
40922,1
13558,1
27713,0
5123,0
2496,0
40994,0
53,0
12806,0
37957,1
37625,0
35681,1
7626,0
8933,0
39722,0
37237,1
6976,0
16710,0
7239,0
31283,0
38911,1
25524,0
35568,1
40517,0
4281,0
5278,0
36202,1
38885,1
21963,0
28996,0
38715,1
14993,0
25745,0
17797,0
25552,0
4429,1
39125,0
34716,1
4552,0
24711,1
29898,1
2536,0
14985,1
36607,0
37251,1
412,0
24737,1
32573,1
37380,1
17883,1
37559,1
5368,1
32143,0
13499,0
5561,0
23674,1
668,0
30652,1
18025,0
29926,0
2226,0
17832,1
20558,0
17916,1
7575,1
2749,0
32580,1
32822,0
20483,0
28514,0
11919,0
39362,1
18217,0
5144,1
13613,0
29854,1
37425,1
40875,1
34234,0
24341,1
24777,0
5746,0
3818,0
31282,1
37216,1
37367,1
22875,0
28060,0
26664,1
41085,1
12667,0
17864,1
1593,0
37192,1
31172,0
12843,0
699,0
17146,0
10863,1
26800,0
11654,0
18058,0
7816,1
8696,0
17346,0
9825,0
1700,1
39940,1
38076,1
33444,1
1917,0
1521,0
25518,0
5469,0
955,0
1988,0
30099,1
10428,1
41033,1
17290,0
33905,1
23174,0
913,0
1021,0
21224,1
23902,0
22021,1
32995,1
4458,0
40310,1
32728,1
34192,0
10425,0
14781,1
19717,1
33393,0
29419,1
35625,0
30064,1
3357,0
28871,1
8705,0
32964,1
36497,1
10652,1
11582,0
3221,0
29627,0
40779,1
9407,0
32557,0
34912,0
39026,1
8478,0
22003,1
38002,0
34126,0
33063,1
12075,0
30864,0
21709,0
15735,1
11362,1
24655,1
35536,1
37038,0
29702,0
15012,1
29977,1
3866,0
40404,1
1058,0
32342,0
19929,1
21882,0
19237,1
16604,0
10423,1
25974,0
8674,0
30674,1
34660,1
33054,0
32704,1
22024,1
27311,1
21944,0
7432,0
3526,1
38093,0
39880,0
2519,1
28739,1
22773,0
6916,0
2013,0
20553,0
17049,1
10040,1
35888,0
23589,0
40107,0
40057,1
15861,1
22377,0
3894,1
10055,1
40266,0
38975,1
9073,1
20412,0
30505,0
40043,0
37868,1
958,0
28615,1
21012,0
15300,0
2131,1
11183,0
31749,0
21016,0
5515,1
22197,0
29950,1
33730,0
19581,1
37753,1
39132,0
27827,1
22719,0
35606,0
28694,0
27344,0
16196,0
33517,1
34319,0
29842,0
32244,1
32419,1
22387,0
13110,0
8971,0
15814,0
31112,0
29964,1
6940,0
1172,0
40079,1
39847,0
17901,1
36681,0
2285,0
26161,1
34221,0
6373,0
21929,0
35714,0
19762,0
9734,0
33828,0
21152,0
5831,0
16871,1
15637,0
2882,0
40207,0
17974,0
16820,1
12388,0
40855,0
13323,0
23616,1
34203,0
33088,1
27128,0
31358,1
11002,0
32757,1
37734,1
21452,0
32365,1
40770,1
14789,1
28040,0
36801,0
28501,0
6738,0
29937,1
313,0
25881,0
8354,0
33212,0
1215,0
35610,1
40516,0
38515,1
33169,0
14288,0
12552,0
8358,1
15738,0
32955,1
29228,0
9806,0
31450,0
20441,0
37968,1
32920,1
9596,0
5768,0
32840,1
40785,1
22011,0
4698,0
30772,1
15560,0
39887,0
21796,1
4465,0
19707,0
29103,0
2426,1
33505,0
34148,0
37454,1
33929,0
33893,1
31357,1
22519,1
33078,1
8270,1
14886,1
15682,0
39927,1
180,0
22977,0
25018,0
20902,0
26398,0
265,0
40103,0
39087,0
24211,0
28348,0
4739,0
2389,1
10248,0
7519,1
29822,0
24462,0
26089,0
40631,0
